111174_0c316e5ec9a44931a1f94fe8f9bac6a6	men
111174_2dd20e0c35d3467e8957b2e57cd6d9d9	men
111174_469a5c83d5ae49ddb30780eb2ca3a85d	men
111174_495d92c709a74ae199756df31216a61e	men
111174_4e1bcc7d4c634401adae988048a9cb1b	rec-man+rec-woman
111174_59a18a858df34f798fbeb5ae8d5b19b8	rec-man
111174_7af3a35d66374744965fbdaa2f9a3a9b	rec-man
111174_863af1d4805a4c24ad33cb35ff088881	men
111174_96f86443b9e244999b01cd1e8172bd81	men
111174_a6961c80d0464fbe8437a38fa69071da	rec-man
111174_c76bb418f85d49579bd90c14e6addf79	rec-woman
