file,on_disk,size,used_on,alt
11062b_01d453afabd246f5849172d4141992a2.jpg,yes,134KB,/three-toxic-lies,Gradient Background
11062b_235de5bd94de4e7499620ea40c641dae.jpg,yes,3529KB,/ /about-daniel /about-daniel-lawson /application-form-limitless-potential /appreciation /archetype-quiz-form-follow /assesment-page /blog /book-a-call-with-daniel-lawson /coaching-experiences /contact-daniel-lawson /contact-form-start-today /copy-of-elite-life-challenge /daniel-lawson-as-seen-in /daniel-lawson-speaking /digital-coaching-products /elite-life-challenge /free-ebook-three-toxic-lies /free-gift-tmg /free-guide /giveitallthankyou /home /i-want-intimacy-and-challenge /limitless-potential /members /men /morning-mastery-club /parallaxx-perspectives-podcast /peakperformance-community /personal-leadership-resources /priority-audit /privacy-policy /programs /ptjournal /reconnect /reconnect-facebook-community /reconnect-you-podcast-with-daniel-lawson /speaker-thankyou /terms-of-use /testimonials-daniel-lawson /thankyou /the-reconnected-man /the-reconnected-woman /three-toxic-lies /vault /what-is-your-archetype /wheel-of-reconnect /women /your-identity-challenge,Dark Background
11062b_3f6a665221194928acb17e63cfbc7747.jpg,yes,1020KB,/about-daniel,White Fabric
11062b_78c9824cf96a407195651a1582eead14.jpg,yes,6973KB,/limitless-potential /reconnect-you-podcast-with-daniel-lawson,Dark-Background
11062b_95803066bd3e4cad804cc3be08881bae.jpg,yes,996KB,/home,Diagonal Lines
11062b_9b292a91e9104829834121f390a5ef84.jpg,yes,11646KB,/book-a-call-with-daniel-lawson /elite-life-challenge /limitless-potential /parallaxx-perspectives-podcast /reconnect,Dark-Background
11062b_9bc218b4f13e4f4f906cad794cffd4fb.jpg,yes,146KB,/daniel-lawson-as-seen-in,Gradient Background
11062b_b9e4eaeea1e14361a9922299ada08703.jpg,yes,8641KB,/about-daniel /book-a-call-with-daniel-lawson /daniel-lawson-as-seen-in /elite-life-challenge /reconnect,Dark-Background
11062b_c5ea00b9bbbf4d77946b3f03c579afb7.jpg,yes,2792KB,/archetype-quiz-form-follow /elite-life-challenge /home /reconnect,Dark-Background
11062b_f45c8724ba06470ab65ea35c97405911.jpg,yes,264KB,/three-toxic-lies,Gradient Background
11062b_fe985b889c144b348eefc7bbc67018b4.png,yes,1KB,/ /about-daniel /about-daniel-lawson /application-form-limitless-potential /appreciation /archetype-quiz-form-follow /assesment-page /blog /book-a-call-with-daniel-lawson /coaching-experiences /contact-daniel-lawson /contact-form-start-today /copy-of-elite-life-challenge /daniel-lawson-as-seen-in /daniel-lawson-speaking /digital-coaching-products /elite-life-challenge /free-ebook-three-toxic-lies /free-gift-tmg /free-guide /giveitallthankyou /home /i-want-intimacy-and-challenge /limitless-potential /members /men /morning-mastery-club /parallaxx-perspectives-podcast /peakperformance-community /personal-leadership-resources /priority-audit /privacy-policy /programs /ptjournal /reconnect /reconnect-facebook-community /reconnect-you-podcast-with-daniel-lawson /speaker-thankyou /terms-of-use /testimonials-daniel-lawson /thankyou /the-reconnected-man /the-reconnected-woman /three-toxic-lies /vault /what-is-your-archetype /wheel-of-reconnect /women /your-identity-challenge,Youtube
0e666a00c3d94e4cace6881fb5b7b2a7.png,yes,289KB,/contact-daniel-lawson,
1a662637c401475aaf4083137ace47f3.jpg,yes,100KB,/testimonials-daniel-lawson,
1f02a56505e54b15bdb2ffa12ec9f355.jpg,yes,131KB,/limitless-potential,
1f6fa3f98d0d4861a66f24a799d3d9d1.jpg,yes,616KB,/reconnect-you-podcast-with-daniel-lawson,
220a6d8627fc429483e2809f1d0d7cb3.png,yes,692KB,/reconnect,
3ba24482bf4e4fd496262d3b0b11dc20.jpg,yes,69KB,/priority-audit,
445a7ee227784d889cbef77fe17f7d28.png,yes,587KB,/elite-life-challenge,
4557448fd3b64dc4bdd15c46ec502ee7.jpeg,yes,107KB,/daniel-lawson-as-seen-in,ab6765630000ba8a1ac9bdf438af0713407f9440.jpeg
5d232c6e2ed0463499fbd833bb902247.jpg,yes,85KB,/,
60840c67737440e397fa1cea6857a80c.jpg,yes,64KB,/reconnect,Client 1
67b4bbff623e40faac9c3b01b3025ac6.png,yes,1053KB,/book-a-call-with-daniel-lawson /ptjournal,
6ff4473fffdc4f0192fe57ace3537dc1.png,yes,430KB,/parallaxx-perspectives-podcast,
754bf2c6156f49d2bee7e2bef6e0c6fd.jpg,yes,72KB,/daniel-lawson-as-seen-in,512.jpg
7af035bb2b664134aec2ca721b3ef0c4.jpg,yes,69KB,/reconnect,Client 2
7d71d9f7ee10418197e30585d5fba84b.png,yes,231KB,/the-reconnected-woman,
827a070fed144480bcaa80bd1759de68.jpg,yes,117KB,/women,
a64bc5404f47411e9aff0233e908ba21.jpg,yes,60KB,/men,
a8fd32d92a6e41b0b59e455446f771a2.jpg,yes,612KB,/programs,DSC04584_edited.jpg
afe7935c5fbe4f598a21af56f9032418.png,yes,1934KB,/copy-of-elite-life-challenge /morning-mastery-club,
b1665a04d1bf42e7bda72deaaf511692.jpg,yes,253KB,/personal-leadership-resources,Podcast cover-1.jpg
bd111cf841a04c98b8d3c7bf51d5f339.png,yes,337KB,/about-daniel /daniel-lawson-speaking /home,
c109fc399fef4186bc94c45eb1806dd0.jpg,yes,280KB,/reconnect-you-podcast-with-daniel-lawson,ReconnectYOU (2).jpg
c502fbb1400c4e99aea2ed8e1beffca6.jpg,yes,173KB,/what-is-your-archetype,
c6680a39fc8e4b9291a422df0ec1b702.jpg,yes,156KB,/personal-leadership-resources,K3V1B3_0622-min.jpg
cca35e53a2ca44588a9599e4083eb30e.jpg,yes,76KB,/about-daniel-lawson,
ce5791c7c8674391b63950af0ac087b2.png,yes,588KB,/the-reconnected-man,
d03ef7df88284ba2a4dc78638503c53f.jpg,yes,83KB,/about-daniel,_MG_8227-Mejorado-NR-min.jpg
d81a011114904ee6802326c092dc745b.jpg,yes,803KB,/reconnect,DSC03634-Edit-min (1).jpg
df63538e81e343aba85ebb7981fd13ad.png,yes,917KB,/elite-life-challenge,book standing-min.png
e0bd4d86ec564f5592537579cb0734aa.jpg,yes,368KB,/blog,The Four Pillars of Personal Leadership: Beyond Mindset
f106bccdd7544485bfb06ed1d923d5f6.jpg,yes,1122KB,/contact-daniel-lawson,
f188500ad08244749c4049dd56aaf7ba.png,yes,938KB,/daniel-lawson-as-seen-in,Screenshot 2023-11-14 at 11.27.32 am.png
23fd2a2be53141ed810f4d3dcdcd01fa.png,yes,0KB,/ /about-daniel /about-daniel-lawson /application-form-limitless-potential /appreciation /archetype-quiz-form-follow /assesment-page /blog /book-a-call-with-daniel-lawson /coaching-experiences /contact-daniel-lawson /contact-form-start-today /copy-of-elite-life-challenge /daniel-lawson-as-seen-in /daniel-lawson-speaking /digital-coaching-products /elite-life-challenge /free-ebook-three-toxic-lies /free-gift-tmg /free-guide /giveitallthankyou /home /i-want-intimacy-and-challenge /limitless-potential /members /men /morning-mastery-club /parallaxx-perspectives-podcast /peakperformance-community /personal-leadership-resources /priority-audit /privacy-policy /programs /ptjournal /reconnect /reconnect-facebook-community /reconnect-you-podcast-with-daniel-lawson /speaker-thankyou /terms-of-use /testimonials-daniel-lawson /thankyou /the-reconnected-man /the-reconnected-woman /three-toxic-lies /vault /what-is-your-archetype /wheel-of-reconnect /women /your-identity-challenge,White Facebook Icon
5be2b472ff224757b14f02abb87c3958.jpg,yes,4714KB,/i-want-intimacy-and-challenge,
7528824071724d12a3e6c31eee0b40d4.png,yes,1KB,/ /about-daniel /about-daniel-lawson /application-form-limitless-potential /appreciation /archetype-quiz-form-follow /assesment-page /blog /book-a-call-with-daniel-lawson /coaching-experiences /contact-daniel-lawson /contact-form-start-today /copy-of-elite-life-challenge /daniel-lawson-as-seen-in /daniel-lawson-speaking /digital-coaching-products /elite-life-challenge /free-ebook-three-toxic-lies /free-gift-tmg /free-guide /giveitallthankyou /home /i-want-intimacy-and-challenge /limitless-potential /members /men /morning-mastery-club /parallaxx-perspectives-podcast /peakperformance-community /personal-leadership-resources /priority-audit /privacy-policy /programs /ptjournal /reconnect /reconnect-facebook-community /reconnect-you-podcast-with-daniel-lawson /speaker-thankyou /terms-of-use /testimonials-daniel-lawson /thankyou /the-reconnected-man /the-reconnected-woman /three-toxic-lies /vault /what-is-your-archetype /wheel-of-reconnect /women /your-identity-challenge,White LinkedIn Icon
81af6121f84c41a5b4391d7d37fce12a.png,yes,21KB,/ /about-daniel /about-daniel-lawson /application-form-limitless-potential /appreciation /archetype-quiz-form-follow /assesment-page /blog /book-a-call-with-daniel-lawson /coaching-experiences /contact-daniel-lawson /contact-form-start-today /copy-of-elite-life-challenge /daniel-lawson-as-seen-in /daniel-lawson-speaking /digital-coaching-products /elite-life-challenge /free-ebook-three-toxic-lies /free-gift-tmg /free-guide /giveitallthankyou /home /i-want-intimacy-and-challenge /limitless-potential /members /men /morning-mastery-club /parallaxx-perspectives-podcast /peakperformance-community /personal-leadership-resources /priority-audit /privacy-policy /programs /ptjournal /reconnect /reconnect-facebook-community /reconnect-you-podcast-with-daniel-lawson /speaker-thankyou /terms-of-use /testimonials-daniel-lawson /thankyou /the-reconnected-man /the-reconnected-woman /three-toxic-lies /vault /what-is-your-archetype /wheel-of-reconnect /women /your-identity-challenge,White Instagram Icon
01fd51cdb90f4d5bacd4310f33bd6050.png,yes,45KB,/reconnect,Velocity
0225eab2c26a43c4a29f1aa1fe9c8303.png,yes,905KB,/book-a-call-with-daniel-lawson,Daniel IG and Templates (7).png
026ea5f4b91c473caefe62b45b721adf.jpg,yes,918KB,/peakperformance-community /reconnect-facebook-community,FB_IMG_1652966587917.jpg
049456af915940a197681c781f55a745.png,yes,605KB,/book-a-call-with-daniel-lawson /elite-life-challenge /free-ebook-three-toxic-lies /home /personal-leadership-resources /three-toxic-lies,new digetiers format_4_Vorlage (3).png
050f98b1c85849d994e3d2f859bcaffb.png,yes,179KB,/reconnect,Package
09345746b9c14bf48223e9567e7c40e7.jpg,yes,138KB,/digital-coaching-products,Speaker Event Visual (5).jpg
09739da8af3048f1bc012cdb98a5c2a3.jpg,yes,1390KB,/book-a-call-with-daniel-lawson,DSC03828-2 (1)-min.jpg
09f1f9d80bb84a7f8eb81081c534d790.png,yes,34KB,/i-want-intimacy-and-challenge,Daniel IG and Templates_edited.png
0b5aac26e16c4d1b8cb480f91e9de4c6.png,yes,1405KB,/copy-of-elite-life-challenge /morning-mastery-club,5 Traits of High-Performance.png
0c13ccebd75a4b28a9dbce9ccd96b005.png,yes,41KB,/limitless-potential,Show-Biz_edited.png
0c8efa9701cd434bb5f5e3b0af1da1b6.png,yes,4271KB,/blog /programs,Untitled design (31).png
0d18023878014cd193fca1e69ee17a39.webp,yes,47KB,/daniel-lawson-speaking /digital-coaching-products /home /personal-leadership-resources,Protrader X Luke Lawson
0df09a7362a2455184f53b5d8b468e5c.png,yes,43KB,/copy-of-elite-life-challenge /morning-mastery-club,Business Leaders_edited_edited.png
0ec33ede264a4447ab280607f8923ea6.png,yes,9KB,/contact-daniel-lawson /contact-form-start-today,3
0ece67bf674741d0897b382b88472d3d.png,yes,352KB,/personal-leadership-resources /ptjournal,Parallaxx Progress Journal
113269a7d1264fcab0d3f1ee4f1c32f2.png,yes,268KB,/ptjournal,Self Acknowledgement Journal
117a4f6fe7ca438fb6487ab681cfc54e.jpg,yes,70KB,/home,Josh King Virtual Solar Club
1300c629c518404eaf30679941cf741f.jpg,yes,46KB,/reconnect,Initiate Relationships
1ae17749835d47609424ac83a4c45531.jpeg,yes,95KB,/daniel-lawson-as-seen-in,1695027625894.jpeg
20838490a5a34912a792298c259e9ab8.webp,yes,384KB,/home,Purpose Driven Personal Leadership.webp
221fa50d605d4fc7b8d15e01a4cedb6d.png,yes,24KB,/copy-of-elite-life-challenge /daniel-lawson-as-seen-in /elite-life-challenge /limitless-potential /morning-mastery-club /reconnect,3.png
2252a8dbd3614129aee8115fdf507da3.png,yes,1119KB,/limitless-potential,Copy of What you resist persists. (1).png
226f6b4c951941d6b48afbf41860576b.jpg,yes,774KB,/i-want-intimacy-and-challenge,DSC06334.jpg
23199a247bd74201be2fd29361e40df3.jpg,yes,163KB,/daniel-lawson-as-seen-in,Goals do come true with Daniel Lawson
26b1282256c54a59b752ce166966a049.jpg,yes,115KB,/reconnect,Brandon Lawson
28e4eb6cb1554742a9ac37f66865c5eb.png,yes,4507KB,/i-want-intimacy-and-challenge /vault,Untitled design (33).png
29dc4af5b6f24a3f907f365cd8855d0d.png,yes,215KB,/ptjournal,Personal Leadership Journal
2d5180232390490d862a31caae8b6233.png,yes,24KB,/copy-of-elite-life-challenge /limitless-potential /morning-mastery-club,Dimond Edge.png
2eda33faec4e422dbec52325b0fd41aa.png,yes,20KB,/elite-life-challenge,Business Leaders.png
2eeefa7c508d4983b0836638f833db50.png,yes,88KB,/daniel-lawson-speaking /digital-coaching-products /home /personal-leadership-resources,contier.png
2f1b82dde11f4445b93991df5efb8c3c.jpg,yes,3682KB,/personal-leadership-resources,
3539ca5c7a984ea297f6123ada80515b.jpg,yes,618KB,/elite-life-challenge,Untitled design (7).jpg
3da463588fc04e6ebc008b079fb8aedb.png,yes,67KB,/copy-of-elite-life-challenge /morning-mastery-club,Founder _ CEO_edited_edited.png
3e0ae6bd9a494b22a5fc1a93c8a4fbb7.jpg,yes,253KB,/limitless-potential /reconnect,
3fcaf5294e1a448385451a0492d89c6b.png,yes,25KB,/copy-of-elite-life-challenge /limitless-potential /morning-mastery-club,Lazer-Sharp clarity (3).png
4024f395ffca4b69a46cfafe00638926.png,yes,40KB,/limitless-potential,vision_edited.png
41cf14c59e2c41369c67a3e8cba4744e.png,yes,3269KB,/appreciation,Screen Shot 2023-03-18 at 2.27.56 pm (1).png
426022bf7b5f42129eac92ccc3153e87.jpg,yes,514KB,/limitless-potential,exhausted business man.jpg
443ad4c8979f4e848b6491bb4a1885d6.png,yes,4582KB,/peakperformance-community /reconnect-facebook-community,Untitled design (29).png
490de50a1be147b8a4e54055b56dc4ac.png,yes,37KB,/reconnect,Busy Minded
490ebd62aa374451abe9c79181fae567.jpg,yes,201KB,/about-daniel,_MG_7877-Mejorado-NR-min.jpg
4a51f2d0c96e4aefb2fe54cf7ee30c11.png,yes,50KB,/copy-of-elite-life-challenge /morning-mastery-club,Overworked Performers_edited_edited_edit
4ab103a91e9d4352ad84e7a340b7bec1.jpg,yes,72KB,/about-daniel,_MG_7348-Mejorado-NR-3-min.jpg
4afbf2c12d4149a194cdec52cdf178b8.png,yes,841KB,/elite-life-challenge /limitless-potential,What you resist persists_edited.png
50decafb90da42488209304fe5f9a924.jpg,yes,138KB,/daniel-lawson-speaking,Untitled-2-min.jpg
5187003e258f469ab904527cd20f94c7.jpg,yes,149KB,/appreciation,337209641_1129457828449105_2547512614210515434_n.jpg
538facecd5724c88ac1e073f2a200215.png,yes,60KB,/copy-of-elite-life-challenge /elite-life-challenge /limitless-potential /morning-mastery-club /reconnect,1_edited.png
553b0a90e93e4a89a3e1737791140850.jpg,yes,631KB,/limitless-potential,happy and successful couple.jpg
5fbb03eb82df4b56a52b0f4b2ebde907.png,yes,44KB,/limitless-potential,Velocity_edited.png
62d60c670f3848b2a480a348be75e040.jpg,yes,277KB,/reconnect,banner-min.jpg
64ba19fa7de842549c48c45dec576325.png,yes,41KB,/reconnect,On Target
64d8666d135647c4b3766c854de5061d.png,yes,2439KB,/appreciation,Screen Shot 2023-03-18 at 2.46.59 pm (1).png
65f68444b62a454c9203373e993a1a87.jpg,yes,125KB,/daniel-lawson-as-seen-in,goals-do-come-true-with-doug-bennett-doug-OMo2aeltzn8-WsI4bCHlk7S.1400x1400.jpg
6f9d4aa43725445babf0c30004223730.jpg,yes,31KB,/reconnect,Daniel Lawson Presence
726585c5f9fd4e308604ae7b26656d57.png,yes,41KB,/limitless-potential,Business Leaders_edited.png
74e7b25af8bf453f8aca6e9c7341fee0.jpg,yes,92KB,/daniel-lawson-speaking,Solar Joe Moose Solarcon
759807e8df7146a8b2d5bbc52b8674b4.jpg,yes,80KB,/elite-life-challenge,What you resist persists. (2).jpg
775356ede8ee45748dc16ec97155d5fb.jpg,yes,139KB,/digital-coaching-products,Speaker Event Visual (1).jpg
7a9bb35a5b5746ecb7ab09bc0a5e8658.jpg,yes,100KB,/elite-life-challenge,What you resist persists. (1).jpg
7b24159679db41a78b15cd159b8348f8.jpg,yes,219KB,/reconnect,Brian
7c75201731ce402f963e52d66cd1594e.png,yes,19KB,/elite-life-challenge /limitless-potential,Command Time.png
7d9a08bfe8e642c3a8dc59f8b707506c.png,yes,36KB,/limitless-potential,Values_edited.png
8540d4c3c9b94831a4e2a8533ed1d15b.png,yes,76KB,/daniel-lawson-speaking /digital-coaching-products /home /personal-leadership-resources,contier (1).png
885500dfbe4f46ec970906257b5b3cf6.png,yes,34KB,/limitless-potential,"Engine 1,2,3 (1)_edited.png"
8aa10a98b2d545f49941203c47eb540d.jpg,yes,139KB,/digital-coaching-products,Speaker Event Visual (3).jpg
8d5d10be4cc342f3b997dd29130b54b0.jpg,yes,980KB,/peakperformance-community /reconnect-facebook-community,RR Season #1.jpg
8eb209fe9c1d43a9acc59faf020e4a9c.jpg,yes,127KB,/about-daniel,DSC04513-2-min.jpg
909fa2ff9f3c45008151c34e114e4f07.png,yes,898KB,/elite-life-challenge,Black and Bright Teal Business Tips Caro
929a50bd14994f459c0405719bcd2a71.png,yes,1580KB,/digital-coaching-products,_MG_8222-Mejorado-NR-2-min_edited.png
93db6ea2081045adaca444163d21f54b.jpg,yes,139KB,/digital-coaching-products,Speaker Event Visual (4).jpg
93e1dbdf647649508a130e959df3b7dc.png,yes,128KB,/daniel-lawson-speaking /digital-coaching-products /home /personal-leadership-resources,Cafe Coach Bali
978cc98b14a14a548387e10c1a1accb0.png,yes,550KB,/daniel-lawson-speaking /digital-coaching-products /home /personal-leadership-resources,1-02.png
97f8119e2c4c475cb5d3ccf23c38defd.jpg,yes,1267KB,/daniel-lawson-speaking,
9c32d1be8eef4b10bdb64370f5994eb6.png,yes,27KB,/reconnect,Personal Edge
a096b350dc3046b28c3becd565c5c7cc.jpg,yes,141KB,/digital-coaching-products,Speaker Event Visual (2).jpg
a09fb71516514a3f99511e1318038ac0.png,yes,5471KB,/appreciation,Untitled design (32).png
a0b820f7f2f94965a9c8d06d4fd8af52.png,yes,387KB,/daniel-lawson-as-seen-in,bcrs-624-daniellawson.png
a392c2e4995246fa98c3e498121f46b9.png,yes,84KB,/copy-of-elite-life-challenge /daniel-lawson-as-seen-in /elite-life-challenge /limitless-potential /morning-mastery-club /reconnect,Untitled design (11).png
a6d15463b77246309a9ce474cca26ad4.png,yes,1998KB,/appreciation /elite-life-challenge,Screen Shot 2023-03-18 at 2.46.05 pm (1).png
a74343c2fd654460b47d6b3c5aa924e7.jpg,yes,12401KB,/i-want-intimacy-and-challenge,DSC03832.jpg
a751e39ec0ef4cf98b3cceecd199cdc9.png,yes,590KB,/daniel-lawson-as-seen-in,Daniel Lawson Thumbnail (1).png
a7d30398641746acb9ddd00e37cee5a3.png,yes,115KB,/copy-of-elite-life-challenge /elite-life-challenge /limitless-potential /morning-mastery-club /reconnect,2_edited.png
adf8819c152448cf8e87c1b7582be5b5.png,yes,100KB,/elite-life-challenge,Black and Bright Teal Business Tips Carousel Portrait Instagram Post (5).png
ae27dd4d3bd24170bc3d69588f784956.jpg,yes,96KB,/home,Ambition driven meaning.jpg
aef32560e7184ad28a43f63acd1bb120.jpeg,yes,349KB,/appreciation /elite-life-challenge,337167838_961127738399164_3006389299765529667_n (1).jpeg
b133e7b69aa34a53bbfcefd6cdb2c1ea.jpg,yes,274KB,/reconnect,Gary Moore
b353ca35b70b4b0e9de363c5fe239626.png,yes,3560KB,/free-guide,Untitled design (34).png
b3c3da0fa9084f249d612df768ff3fd0.png,yes,39KB,/reconnect,Clarity of Mind
b5998f51c2e841c9963489dbaef2bc29.jpg,yes,303KB,/about-daniel /contact-daniel-lawson,DSC06601-Mejorado-NR-3-min.jpg
b79c8e912d16444584b8a4726542b886.png,yes,410KB,/copy-of-elite-life-challenge /elite-life-challenge /home /limitless-potential /morning-mastery-club /reconnect,What you resist persists. (3).png
b9be345b85de46afbd5be82d26977c0a.jpg,yes,3128KB,/home,Daniel-Lawson-Personal-Leadership-Faciliation-Live-min-min_edited.jpg
c305d407e8e046b6b9f20129ebf7ee40.jpg,yes,90KB,/daniel-lawson-speaking,DSC05227-Mejorado-NR-min.jpg
c4927ac81a30468fb08a46bf21da100d.png,yes,46KB,/limitless-potential,Overworked Performers_edited_edited.png
c6566808b3a444c0b298e9dff78ae84a.png,yes,34KB,/copy-of-elite-life-challenge /daniel-lawson-as-seen-in /elite-life-challenge /limitless-potential /morning-mastery-club /reconnect,4.png
c65c303031c8436789cef5f16a7e51f2.png,yes,45KB,/reconnect,Passion
c77ecb8647ef47129f58786ceb127a19.jpg,yes,433KB,/copy-of-elite-life-challenge /morning-mastery-club,20231006_062347.jpg
c8720a498d52465a9024d48f61535bc2.png,yes,12KB,/contact-daniel-lawson /contact-form-start-today,2
c87a3242e16548dabf09dda3e7d100a0.png,yes,252KB,/blog /ptjournal,Accelerating Progess
c9e70832dc584aa39f6622465b436e22.png,yes,43KB,/copy-of-elite-life-challenge /morning-mastery-club,Show-Biz_edited_edited.png
cbae533d72454209a819305472143809.jpg,yes,117KB,/reconnect-you-podcast-with-daniel-lawson,channels4_banner.jpg
ce76b4480dca469dac614d3bda938ce7.jpg,yes,140KB,/digital-coaching-products,Speaker Event Visual.jpg
cef330a6e965415e9d8d1309e04e5ad8.png,yes,2298KB,/appreciation,Screen Shot 2023-03-18 at 5.12.42 pm (1).png
d1e975d558c6484dbec21ae3b96638e5.jpg,yes,70KB,/reconnect,Intimacy and Trust
d35d678489c544468268c4e14f5f3b18.png,yes,4418KB,/contact-form-start-today,Untitled design (36).png
d44d4a16f95d493cbb9454ad8bc5a652.jpg,yes,1324KB,/reconnect,Nestwork Coworking Bansko
d4710b4fa22c46ed974e5f33ffec4fad.png,yes,17KB,/copy-of-elite-life-challenge /limitless-potential /morning-mastery-club,Self-Sabortage.png
d721561e60e74e578b35b76ec4d2659c.jpg,yes,456KB,/copy-of-elite-life-challenge /morning-mastery-club,79496536_10160509388709988_4638613668076978176_n-min.jpg
dfac9faf4b6c45fc9eeb3491685e1156.png,yes,295KB,/daniel-lawson-as-seen-in /personal-leadership-resources,Square Daniel (20).png
e0b565a1b215432fa2b5ad159d7d4b16.png,yes,32KB,/elite-life-challenge,Founder _ CEO.png
e14c6709c0fe42a18ac76aca1a0ee6eb.png,yes,1848KB,/appreciation,Screen Shot 2023-03-18 at 2.44.14 pm (1).png
e5e5acb451534072b71570124d45fa11.jpg,yes,130KB,/reconnect,Dave
e82232c520d6424d956d8d50c86197a0.png,yes,2632KB,/appreciation /elite-life-challenge,Screen Shot 2023-03-18 at 2.35.27 pm (1).png
ec19b3f0cb2f49e894afb93daf46a3f8.png,yes,64KB,/limitless-potential,Founder _ CEO_edited.png
ee4d80fb453a4536a4caadb20904ef77.png,yes,22KB,/limitless-potential,Revolutionise relationships.png
f1b69eb4b9e34b61aaebb636a2bcb723.png,yes,253KB,/reconnect,Parallaxx Transformations Packages
f28ff4549b404f2ca306b91a1b3284d6.png,yes,2116KB,/appreciation,Screen Shot 2023-03-18 at 2.58.02 pm (1).png
f6384d15655d4ed894d2322ae829cac5.png,yes,1781KB,/appreciation /elite-life-challenge,Screen Shot 2023-03-18 at 5.11.20 pm (1).png
f718613318a64103b6258caa3ec864b4.png,yes,2157KB,/appreciation,Screen Shot 2023-03-18 at 2.50.44 pm (1).png
f8ac3bf2412340d082557e169abd9833.png,yes,8KB,/contact-daniel-lawson /contact-form-start-today,1
fcd1d1e9c04044229e11457bd887c144.jpg,yes,59KB,/reconnect,Work Life Balance
fd297aebd3eb48e0a16ad3e9d4d2bcda.jpg,yes,14KB,/copy-of-elite-life-challenge /morning-mastery-club,233204662_10159788890532059_1611765637968515329_n-min.jpg
fe3c841c471f47d088f0cd631a89d883.png,yes,199KB,/ /about-daniel /about-daniel-lawson /application-form-limitless-potential /appreciation /archetype-quiz-form-follow /assesment-page /blog /book-a-call-with-daniel-lawson /coaching-experiences /contact-daniel-lawson /contact-form-start-today /copy-of-elite-life-challenge /daniel-lawson-as-seen-in /daniel-lawson-speaking /digital-coaching-products /elite-life-challenge /free-ebook-three-toxic-lies /free-gift-tmg /free-guide /giveitallthankyou /home /i-want-intimacy-and-challenge /limitless-potential /members /men /morning-mastery-club /parallaxx-perspectives-podcast /peakperformance-community /personal-leadership-resources /priority-audit /privacy-policy /programs /ptjournal /reconnect /reconnect-facebook-community /reconnect-you-podcast-with-daniel-lawson /speaker-thankyou /terms-of-use /testimonials-daniel-lawson /thankyou /the-reconnected-man /the-reconnected-woman /three-toxic-lies /vault /what-is-your-archetype /wheel-of-reconnect /women /your-identity-challenge,Parallaxx Transformations Daniel Lawson
ed887cc3b8b64ee097594e2678609de4.jpg,yes,1386KB,/three-toxic-lies,Moon
fa40f4482e84470db90cc20c71924447.jpg,yes,478KB,/daniel-lawson-speaking /home,Microphone
nsplsh_3742cfe79b5442749b60bafdd1314f9b.jpg,yes,2694KB,/copy-of-elite-life-challenge /morning-mastery-club,Image by Jeremy Perkins
nsplsh_38f6d38ac94f4dc4b93942a4a42f54fd.jpg,yes,4541KB,/digital-coaching-products,Image by Rylan Hill
nsplsh_4a674f65527547445f5934.jpg,yes,8777KB,/copy-of-elite-life-challenge /morning-mastery-club,Image by JOHN TOWNER
nsplsh_684e763573364e45596967_d_2304_3456_s_2.jpg,yes,346KB,/copy-of-elite-life-challenge /morning-mastery-club,Image by Ravi Sharma
nsplsh_6f706c6e54683173497773_d_2848_4288_s_4_2.jpg,yes,338KB,/copy-of-elite-life-challenge /morning-mastery-club,Image by Emiliano Vittoriosi
nsplsh_71566f74766273754d5f63_d_5456_3632_s_4_2.jpg,yes,2540KB,/ptjournal,Image by Paul Volkmer
nsplsh_a0eab15f35e54f5ba1558e1a4bd5f068.jpg,yes,904KB,/copy-of-elite-life-challenge /daniel-lawson-speaking /elite-life-challenge /limitless-potential /morning-mastery-club /reconnect,Image by Greg Rosenke
nsplsh_a380b251b0fb47dfabbaaca280acb250.jpg,yes,440KB,/ptjournal,Image by César Couto
nsplsh_a7fd9777f8a3413fa7104d82e2bbecb2.jpg,yes,2934KB,/copy-of-elite-life-challenge /limitless-potential /morning-mastery-club,Image by eberhard 🖐 grossgasteiger
nsplsh_b8b90b0a82a045ae85b80d62d9b6f6a2.jpg,yes,122KB,/ptjournal,Image by Codioful (Formerly Gradienta)
nsplsh_e4645b6c15d34e879606da14d5964f72.jpg,yes,2088KB,/about-daniel,Image by Johannes Molzahn
nsplsh_e765254837ae477b9b494653faebeb5a.jpg,yes,1809KB,/reconnect,Image by Drew Beamer
